TAID,cName,cNo,semester,year
WJrWAidLZ5,Introduction to Computer Science II,CS171,Fall,2019
fC8CoZyN8g,Database Systems,CS377,Spring,2020
ECk9NPOnC1,Introduction to Computer Science II,CS171,Fall,2020
A1Kcf8Z1u3,Database Systems,CS377,Spring,2021
8uv1aK9btU,Introduction to Computer Science II,CS171,Fall,2021
WJrWAidLZ5,Database Systems,CS377,Fall,2021
A1Kcf8Z1u3,Introduction to Computer Science II,CS171,Fall,2019
Rjuqf7P3nX,Database Systems,CS377,Spring,2021
cp5asEx6KR,Introduction to Computer Science II,CS171,Fall,2021
tmt3aPs20s,Database Systems,CS377,Fall,2021
RxNqRHaaoI,Introduction to Computer Science II,CS171,Fall,2021
PiQvBSPut9,Database Systems,CS377,Fall,2021
RwKSObZt8b,Introduction to Computer Science II,CS171,Fall,2021
QVsfnLS8nP,Introduction to Computer Science II,CS171,Fall,2021